premise,hypothesis,label
"The cat is sleeping on the windowsill.","The cat is taking a nap.",1
"A group of friends is playing soccer in the park.","People are enjoying the outdoors.",1
"The chef is preparing a delicious meal in the kitchen.","A meal is being cooked.",1
"A bright rainbow stretches across the sky after the rain.","The rain has stopped.",1
"The students are listening attentively during the lecture.","The teacher is giving a presentation.",1
"A dog is chasing a frisbee in the park.","The dog is playing fetch.",1
"A beautiful sunset paints the sky with orange and pink hues.","The sky is full of vibrant colors.",1
"The scientist is conducting an experiment in the laboratory.","An experiment is being carried out.",1
"Children are building sandcastles on the beach.","Kids are playing in the sand.",1
"A hiker reaches the summit of a mountain and enjoys the view.","The hiker successfully reached the top.",1
"An artist is painting a landscape on a canvas.","Someone is creating a painting.",1
"A parent is pushing a child on a swing at the playground.","A child is laughing on the swing.",1
"Traffic is moving smoothly on the highway.","Cars are driving on the road.",1
"A group of people is dancing in a ballroom.","People are having a dance party.",1
"A cozy fireplace warms up the living room.","The room is filled with warmth.",1
"An architect is drawing blueprints for a new building.","Plans for construction are being made.",1
"Leaves rustle as the breeze passes through the trees.","The wind is gently blowing.",1
"A child is blowing out candles on a birthday cake.","Someone is celebrating a birthday.",1
"Sunflowers are facing the sun in a garden.","The flowers are seeking sunlight.",1
"An athlete is crossing the finish line with arms raised.","Someone is completing a race.",1
"A family is having a picnic in the park.","People are eating outdoors.",1
"A scientist is looking through a microscope at a specimen.","Microscopic examination is taking place.",1
"Children are riding on a carousel at the fair.","Kids are enjoying the fair rides.",1
"A musician is playing the guitar on stage.","Someone is performing music.",1
"Rows of books are neatly arranged on the library shelves.","The library has organized bookshelves.",1
"A baker is taking freshly baked bread out of the oven.","Bread has been baked.",1
"A gardener is planting flowers in a flowerbed.","Someone is tending to the garden.",1
"A baby is giggling while playing with a teddy bear.","The child is amused by the toy.",1
"A couple is walking hand in hand on the beach at sunset.","The couple is enjoying a romantic stroll.",1
"A teacher is writing on the chalkboard during a lesson.","Instruction is being provided in the classroom.",1
"A barista is making a cappuccino at the coffee shop.","Coffee is being prepared.",1
"A child is flying a kite in the park.","Someone is flying a colorful kite.",1
"A bride and groom are dancing at their wedding.","A wedding celebration is happening.",1
"A firefighter is rescuing a cat from a tree.","Someone is performing a rescue operation.",1
"A basketball player is making a slam dunk.","Someone is scoring points in basketball.",1
"A mechanic is repairing a car's engine.","Vehicle maintenance is taking place.",1
"A scientist is mixing chemicals in the lab.","Chemical substances are being combined.",1
"Children are building a snowman in the yard.","Kids are playing in the snow.",1
"A chef is garnishing a dish with fresh herbs.","Food is being garnished.",1
"A writer is typing on a typewriter to finish a novel.","Someone is working on a literary piece.",1
"A lifeguard is watching over swimmers at the pool.","Pool safety is being monitored.",1
"A construction worker is hammering nails into a wooden frame.","Construction is in progress.",1
"A street performer is juggling colorful balls.","Someone is showcasing juggling skills.",1
"A mother and daughter are baking cookies in the kitchen.","Baking activities are happening.",1
"A scientist is observing the behavior of ants.","Ants are being studied.",1
"A child is blowing bubbles and chasing them in the air.","Someone is playing with bubbles.",1
"A farmer is herding sheep in a green pasture.","Sheep are being guided by a farmer.",1
"A pianist is playing a grand piano in a concert hall.","Music is being performed on a piano.",1
"A dentist is examining a patient's teeth.","Dental examination is taking place.",1
"A waiter is serving a plate of delicious food.","Food is being served.",1
"A student is raising their hand to ask a question in class.","Classroom participation is happening.",1
"A street artist is creating a mural on a city wall.","Artwork is being painted on a wall.",1
"A parent is teaching their child to ride a bicycle.","Bicycle riding instruction is underway.",1
"A group of friends is toasting with glasses of champagne.","A celebration is in progress.",1
"A surgeon is operating on a patient in the operating room.","Surgical procedure is underway.",1
"A child is hugging a puppy in the park.","Someone is embracing a dog.",1
"A bee is collecting nectar from a flower.","Nectar is being gathered by a bee.",1
"A scientist is examining a rock under a microscope.","Geological analysis is taking place.",1
"A photographer is capturing a stunning landscape.","A photograph is being taken.",1
"A coach is giving a motivational speech to the sports team.","Team encouragement is happening.",1
"A tailor is sewing a custom-made suit.","Tailoring work is in progress.",1
"A tour guide is leading a group of tourists through a museum.","Tourism and education are combined.",1
"A street vendor is selling colorful balloons to children.","Balloons are being sold.",1
"A pharmacist is counting and dispensing medication.","Medication is being provided.",1
"A lifeguard is rescuing a swimmer in distress.","Emergency response is happening.",1
"A scientist is mixing chemicals in a lab.","Chemical reaction is occurring.",1
"A musician is playing the violin in an orchestra.","Orchestral performance is happening.",1
"A teacher is helping a student with their assignment.","Educational assistance is given.",1
"A chef is slicing vegetables for a stir-fry dish.","Vegetables are being prepared.",1
"A firefighter is extinguishing flames in a building.","Firefighting operation is underway.",1
"A sculptor is shaping a block of marble into a statue.","Artistic sculpting is occurring.",1
"A parent is helping their child fly a kite in the park.","Parent-child bonding is happening.",1
"A soccer player is dribbling the ball down the field.","Soccer gameplay is occurring.",1
"A nurse is caring for a patient in a hospital bed.","Patient care is being provided.",1
"A farmer is harvesting ripe apples from the orchard.","Apple picking is underway.",1
"A construction worker is operating a crane on a building site.","Construction equipment is in use.",1
"A dancer is performing a graceful ballet routine.","Dance performance is happening.",1
"A barber is giving a customer a haircut at the salon.","Haircutting service is provided.",1
"A scientist is observing a rare astronomical event through a telescope.","Astronomical observation is happening.",1
"A parent is teaching their child how to swim in the pool.","Swimming instruction is underway.",1
"A group of friends is laughing and chatting around a campfire.","Socializing around the fire.",1
"A painter is creating a mural on an outdoor wall.","Mural painting is happening.",1
"A coach is giving instructions to a team before the game.","Pre-game preparation is happening.",1
"A florist is arranging a bouquet of fresh flowers.","Flower arrangement is taking place.",1
"A scientist is conducting a physics experiment in a lab.","Scientific experimentation is happening.",1
"A musician is playing a saxophone in a jazz band.","Jazz music performance is happening.",1
"A teacher is guiding students through a science experiment.","Educational experiment is happening.",1
"A chef is flipping pancakes on a hot griddle.","Pancake cooking is underway.",1
"A firefighter is rappelling down a building during a drill.","Firefighter training is happening.",1
"A sculptor is chiseling a piece of marble into a statue.","Artistic sculpting is occurring.",1
"A parent is helping their child build a sandcastle on the beach.","Parent-child bonding is happening.",1
"A soccer player is taking a penalty kick during a match.","Soccer gameplay is occurring.",1
"A nurse is comforting a patient in a hospital room.","Patient support is being provided.",1
"A farmer is gathering eggs from the chicken coop.","Egg collection is happening.",1
"A construction worker is welding steel beams at a construction site.","Welding work is happening.",1
"A dancer is performing a lively hip-hop routine.","Dance performance is happening.",1
"A barber is giving a customer a stylish haircut at the salon.","Haircutting service is provided.",1
"A scientist is analyzing data on a computer in a lab.","Data analysis is underway.",1
"A parent is teaching their child to ride a skateboard in the park.","Skateboarding instruction is happening.",1
"A group of friends is sharing stories around a campfire.","Socializing around the fire.",1
"A telescope on a mountaintop is capturing images of distant galaxies.","Astronomical research is underway.",1
"A group of children is flying kites in a park on a windy day.","Enjoying outdoor activities.",1
"A scientist in a lab coat is mixing chemicals in a controlled environment.","Chemical experiment is happening.",1
"A professional chef is creating a multi-course tasting menu for a restaurant opening.","Culinary creativity is showcased.",1
"A soccer team is celebrating a hard-earned victory with a victory lap around the field.","Celebrating a triumphant win.",1
"A potter is molding a lump of clay into a delicate and intricate vase.","Pottery creation is taking place.",1
"A parent is helping their child build a miniature model of a famous landmark.","Engaging in educational crafting.",1
"A biologist is releasing tagged butterflies into a field for migration research.","Butterfly migration study is underway.",1
"A group of friends is practicing yoga on a serene beach during sunrise.","Mindful relaxation.",1
"A jeweler is carefully setting precious gemstones into an intricately designed necklace.","Jewelry craftsmanship.",1
"A surgeon is performing a complex heart surgery with a dedicated surgical team.","Life-saving medical procedure.",1
"A sculptor is using a chainsaw to transform a tree stump into a magnificent sculpture.","Chainsaw carving artistry.",1
"A pilot is skillfully maneuvering a plane through turbulent weather to ensure a safe landing.","Expert piloting.",1
"A team of researchers is using advanced equipment to study the behavior of subatomic particles.","Particle physics investigation.",1
"A group of friends is volunteering at a local animal shelter, caring for and playing with rescue animals.","Community service.",1
"A fashion designer is sketching out ideas for a new haute couture collection.","Creative fashion design.",1
"A marine biologist is diving into the ocean to study the behavior of dolphins in their natural habitat.","Marine mammal observation.",1
"A rock climber is scaling the face of a challenging mountain peak with a safety harness.","Adventurous climbing.",1
"A photographer is capturing candid moments of people in a bustling city street.","Street photography.",1
"A parent is teaching their child to plant a vegetable garden in their backyard.","Educational gardening.",1
"A team of engineers is testing a prototype of a revolutionary electric vehicle.","Electric car development.",1
"A dance troupe is rehearsing a contemporary dance performance that explores themes of identity.","Artistic dance expression.",1
"A chef is experimenting with molecular gastronomy techniques to create avant-garde dishes.","Innovative culinary art.",1
"A mountain climber is ascending a challenging rock wall without the use of ropes or harnesses.","Extreme solo climbing.",1
"A group of volunteers is painting a mural to beautify a local community center.","Community art project.",1
"A wildlife photographer is capturing stunning images of endangered species in their natural habitats.","Wildlife conservation photography.",1
"A computer programmer is coding a sophisticated AI algorithm for a cutting-edge robotic system.","AI technology development.",1
"A group of activists is organizing a peaceful protest to raise awareness about climate change.","Environmental advocacy.",1
"A pianist is performing a mesmerizing improvisational jazz piece at a dimly lit jazz club.","Soulful jazz performance.",1
"A team of archaeologists is carefully excavating ancient artifacts from a historical site.","Archaeological discovery.",1
"A chef is hosting a live cooking demonstration, showcasing the preparation of a gourmet three-course meal.","Interactive culinary presentation.",1
"A group of engineers is working on a sustainable energy project using solar panels and wind turbines.","Renewable energy innovation.",1
"A ballet dancer is rehearsing for a prestigious ballet competition, striving for perfection in every move.","Dedicated ballet practice.",1
"A marine researcher is tracking the migratory patterns of whales using advanced satellite technology.","Whale migration study.",1
"A group of friends is participating in a local charity run to raise funds for a children's hospital.","Charitable fundraising.",1
"A robotics team is building a humanoid robot capable of performing intricate tasks with precision.","Advanced robotics engineering.",1
"A violinist is performing a soul-stirring classical piece accompanied by a full orchestra.","Eloquent classical performance.",1
"A team of geologists is exploring an underground cave system to study unique rock formations.","Cave geological study.",1
"A group of environmentalists is organizing a beach cleanup to remove plastic waste from the shoreline.","Beach conservation effort.",1
"A glassblower is shaping molten glass into exquisite art pieces using traditional techniques.","Artistic glassblowing.",1
"A team of researchers is developing a groundbreaking medical treatment using gene editing technology.","Cutting-edge medical research.",1
"A group of artists is collaborating on a large-scale mural that tells a story of unity and diversity.","Mural storytelling.",1
"A mountaineer is summiting a remote peak in the Himalayas, facing extreme weather and challenging terrain.","High-altitude mountaineering.",1
"A marine biologist is conducting a night dive to study bioluminescent organisms in the ocean.","Nocturnal marine research.",1
"A team of architects is designing an innovative eco-friendly building that blends seamlessly with nature.","Sustainable architecture.",1
"A woodworker is handcrafting a beautiful dining table from reclaimed wood, showcasing skilled craftsmanship.","Artisanal woodworking.",1
"A group of space enthusiasts is setting up telescopes for a stargazing event to observe a meteor shower.","Astronomy appreciation.",1
"A fashion designer is creating a collection inspired by cultural diversity, aiming to bridge cultural gaps through fashion.","Cultural fusion fashion.",1
"A team of researchers is conducting psychological studies to explore the effects of mindfulness meditation on stress.","Mindfulness research.",1
"A chef is preparing a feast for a celebratory banquet, showcasing a diverse array of culinary techniques.","Celebration culinary art.",1
"A sculptor is using recycled materials to create an abstract sculpture that raises awareness about waste reduction.","Recycled art creation.",1
"A team of engineers is developing a smart city project that integrates technology for improved urban living.","Smart city innovation.",1
"A group of poets is participating in a spoken word poetry slam, expressing their thoughts and emotions through words.","Expressive spoken word art.",1
"A wildlife biologist is conducting a field study on the nesting behaviors of endangered sea turtles.","Sea turtle conservation research.",1
"A group of friends is embarking on a cross-country road trip to explore diverse cultures and landscapes.","Epic road adventure.",1
"A mathematician is collaborating with colleagues to solve a complex mathematical theorem that has puzzled scholars for years.","Theoretical mathematics breakthrough.",1
"A team of engineers is designing an autonomous drone for search and rescue missions in remote and hazardous areas.","Advanced drone technology.",1
"A group of painters is creating a collaborative mural that represents the values of unity, peace, and diversity.","Unity-themed mural painting.",1
"A marine biologist is conducting underwater photography to document the behaviors of elusive deep-sea creatures.","Deep-sea marine documentation.",1
"A parent is teaching their child the art of storytelling through imaginative and creative bedtime tales.","Storytelling bonding experience.",1
"A team of scientists is conducting experiments to understand the potential of renewable algae-based biofuels.","Algae biofuel research.",1
"A choreographer is creating a contemporary dance piece that challenges societal norms and stereotypes.","Social commentary through dance.",1
"A group of eco-entrepreneurs is launching an innovative zero-waste store that promotes sustainable shopping habits.","Zero-waste retail concept.",1
"A technology enthusiast is participating in a hackathon to develop a mobile app that addresses a social issue.","Tech-driven social change.",1
"A group of filmmakers is producing a documentary about the efforts to restore a coral reef ecosystem.","Coral reef restoration film.",1
"A mathematician is using mathematical modeling to predict and prevent the spread of infectious diseases.","Epidemiological modeling.",1
"A team of engineers is developing a bionic limb that restores mobility and dexterity for amputees.","Advanced prosthetic technology.",1
"A group of dancers is participating in a global dance competition, showcasing diverse styles and cultures.","International dance showcase.",1
"A wildlife photographer is capturing breathtaking images of exotic animals in a remote rainforest.","Rainforest wildlife photography.",1
"A team of linguists is studying endangered languages to preserve cultural heritage and linguistic diversity.","Language revitalization research.",1
"A group of friends is organizing a community garden to provide fresh produce for local residents in need.","Community gardening initiative.",1
"A technology startup is designing a smart wearable device that monitors and improves sleep quality.","Sleep optimization technology.",1
"A team of chemists is developing eco-friendly alternatives to harmful chemical compounds used in common products.","Green chemistry innovation.",1
"A group of artists is creating an immersive art installation that explores the concept of time and memory.","Temporal art installation.",1
"A marine biologist is leading an expedition to study the behavior of humpback whales during their annual migration.","Humpback whale research.",1
"A team of architects is designing an inclusive playground that accommodates children of all abilities.","Universal design playground.",1
"A group of writers is collaborating on an anthology of speculative fiction stories that explore alternate realities.","Speculative fiction collaboration.",1
"A technology enthusiast is participating in a space hackathon to develop solutions for future space exploration challenges.","Space innovation hackathon.",1
"A team of researchers is investigating the potential of using plant-based materials for sustainable packaging.","Biodegradable packaging research.",1
"A group of musicians is composing a symphony that blends traditional orchestral sounds with electronic elements.","Hybrid orchestral composition.",1
"A wildlife biologist is tracking the migratory patterns of a rare bird species to inform conservation efforts.","Rare bird conservation study.",1
"A team of engineers is designing a modular housing system that provides affordable and adaptable living spaces.","Modular housing innovation.",1
"A group of environmentalists is planting a native tree nursery to restore a degraded ecosystem.","Ecosystem restoration initiative.",1
"A robotics team is developing a robotic exoskeleton to assist individuals with mobility impairments.","Assistive exoskeleton technology.",1
"A group of poets is organizing a poetry slam event to raise awareness about social justice issues.","Poetry for social change.",1
"A computer scientist is researching quantum computing algorithms for solving complex computational problems.","Quantum algorithm research.",1
"A team of geologists is conducting research in Antarctica to study the effects of climate change on glaciers.","Polar climate research.",1
"A group of artisans is handcrafting intricate jewelry using traditional silversmithing techniques.","Artisanal jewelry creation.",1
"A marine ecologist is studying the interactions between different marine species in a coral reef ecosystem.","Coral reef ecosystem research.",1
"A team of educators is developing an online platform to provide free access to quality education for underserved communities.","Open education initiative.",1
"A group of urban planners is designing a sustainable city park that promotes community engagement and well-being.","Community-centered park design.",1
"A technology startup is creating a mobile app that connects volunteers with local nonprofit organizations.","Volunteer mobilization platform.",1
"A team of researchers is investigating the potential of using nanotechnology for targeted cancer therapy.","Nanomedicine cancer research.",1
"A group of sculptors is collaborating on a public art installation that highlights the beauty of diversity and unity.","Diversity-themed sculpture project.",1
"A neuroscientist is conducting brain imaging studies to unravel the mysteries of human consciousness.","Consciousness neuroscience research.",1
"A team of social entrepreneurs is launching a social enterprise that empowers marginalized women through vocational training.","Women's empowerment initiative.",1
"A group of graffiti artists is transforming an abandoned building into a vibrant and meaningful community mural.","Community revitalization through art.",1
"A marine biologist is conducting underwater acoustic research to study the communication patterns of dolphins.","Dolphin communication study.",1
"A team of engineers is developing a portable water purification device to provide clean drinking water in disaster-stricken areas.","Emergency water purification technology.",1
"A group of architects is designing innovative and sustainable housing solutions for refugee communities.","Humanitarian architecture design.",1
"A cognitive psychologist is conducting experiments to understand the impact of mindfulness practices on cognitive function.","Mindfulness cognition research.",1
"A team of programmers is developing an open-source software platform that facilitates collaboration among researchers.","Research collaboration software.",1
"A group of ceramic artists is creating a series of pottery pieces inspired by the natural beauty of their surroundings.","Nature-inspired ceramic art.",1
"A marine conservationist is leading a campaign to raise awareness about the importance of protecting coral reefs.","Coral reef conservation advocacy.",1
"A team of data scientists is analyzing social media data to study the spread of misinformation during elections.","Misinformation analysis research.",1
"A group of educators is designing a gamified learning app that makes education engaging and interactive for students.","Gamified education platform.",1
"A sustainable fashion brand is using upcycled materials to create stylish and environmentally-friendly clothing.","Upcycled fashion creation.",1
"A team of urban designers is reimagining a neglected urban space to create a vibrant and inclusive community plaza.","Urban revitalization project.",1
"A group of psychologists is conducting studies to explore the effects of nature exposure on mental well-being.","Nature-based mental health research.",1
"A technology startup is developing a wearable device that uses biometric data to monitor stress levels and promote relaxation.","Stress management wearable technology.",1
"A team of materials scientists is researching innovative materials for more efficient and sustainable solar panels.","Solar panel material development.",1
"A group of writers is collaborating on a series of children's books that promote empathy, tolerance, and diversity.","Children's literature for social values.",1
"A marine biologist is studying the behavior of deep-sea creatures using remotely operated underwater vehicles.","Deep-sea ROV exploration.",1
"A team of engineers is designing a low-cost and portable ventilator for medical use in resource-limited settings.","Affordable medical technology.",1
"A group of chefs is participating in a culinary competition that challenges them to create dishes using local and seasonal ingredients.","Farm-to-table culinary challenge.",1
"A community of artists is transforming a vacant lot into a vibrant outdoor art gallery for the local neighborhood to enjoy.","Community-driven art installation.",1
"A team of cognitive scientists is investigating the neural mechanisms underlying creativity and artistic expression.","Neuroscience of creativity research.",1
"A group of activists is organizing a tree-planting event to combat deforestation and promote environmental conservation.","Reforestation activism.",1
"A sustainable agriculture initiative is promoting regenerative farming practices to restore soil health and biodiversity.","Regenerative farming movement.",1
"A team of software developers is creating a language learning app that uses AI to personalize lessons for individual learners.","AI-powered language education.",1
"A group of dancers is choreographing a performance that explores the connections between movement, music, and emotion.","Kinetic dance expression.",1
"A space exploration company is developing technology for asteroid mining to extract valuable resources from space.","Asteroid mining innovation.",1
"A team of researchers is studying the effects of urban green spaces on mental health and community well-being.","Urban nature and mental well-being research.",1
"A group of entrepreneurs is launching a sustainable packaging startup that offers eco-friendly alternatives to plastic.","Eco-packaging entrepreneurship.",1
"A renewable energy startup is developing a novel technology to harness energy from ocean tides.","Tidal energy innovation.",1
"A team of architects is designing a disaster-resistant housing solution to provide safe shelter during natural calamities.","Disaster-resistant housing design.",1
"A group of environmental activists is organizing a campaign to reduce single-use plastic consumption in their community.","Plastic reduction advocacy.",1
"A team of engineers is designing a high-speed transportation system using magnetic levitation technology.","Magnetic levitation transportation.",1
"A community of artists is using street art to raise awareness about social justice issues and inspire change.","Activist street art movement.",1
"A group of educators is developing an inclusive curriculum that promotes diversity and cultural understanding in schools.","Culturally inclusive education.",1
"A medical research team is investigating the potential of using stem cells to regenerate damaged heart tissue.","Stem cell cardiac therapy research.",1
"A group of musicians is composing a symphony that interprets the natural sounds of a rainforest ecosystem.","Rainforest-inspired symphonic composition.",1
"A renewable energy cooperative is installing community-owned solar panels on rooftops to promote clean energy use.","Community solar power initiative.",1
"A team of engineers is designing a vertical farm that uses innovative hydroponic systems for urban agriculture.","Vertical farming innovation.",1
"A group of archaeologists is uncovering the remains of an ancient civilization and piecing together its history.","Ancient civilization excavation.",1
"A team of biotechnologists is developing lab-grown meat as a sustainable and ethical alternative to traditional livestock farming.","Cultured meat technology.",1
"A group of urban planners is revitalizing a historic district by preserving its architectural heritage and enhancing public spaces.","Historic district revitalization.",1
"A climate action group is organizing a large-scale tree-planting initiative to combat the effects of deforestation.","Global reforestation effort.",1
"A team of researchers is using virtual reality technology to study the cognitive benefits of immersive learning experiences.","Virtual reality education research.",1
"A group of illustrators is creating a series of children's books that celebrate cultural diversity and global unity.","Children's literature for multiculturalism.",1
"A renewable energy startup is developing transparent solar panels that can be integrated into windows and buildings.","Solar-integrated architectural technology.",1
"A team of physicists is conducting experiments to investigate the fundamental nature of dark matter in the universe.","Dark matter particle research.",1
"A group of activists is organizing a beach cleanup and awareness event to address plastic pollution in coastal areas.","Coastal plastic pollution activism.",1
"A community garden initiative is transforming vacant urban lots into thriving green spaces for local residents to cultivate.","Urban community gardening.",1
"A team of engineers is designing a smart irrigation system that conserves water by using real-time weather data.","Efficient smart irrigation technology.",1
"A group of software developers is creating a mobile app that connects volunteers with local community service opportunities.","Community service engagement app.",1
"A conservation organization is working to protect endangered species by restoring and preserving their natural habitats.","Endangered species habitat conservation.",1
"A team of materials scientists is developing lightweight and durable materials for next-generation aerospace applications.","Advanced aerospace materials research.",1
"A group of educators is developing interactive educational games that make learning engaging and enjoyable for students.","Educational game development.",1
"A sustainable architecture firm is designing net-zero energy buildings that produce as much energy as they consume.","Energy-efficient architectural design.",1
"A team of psychologists is researching the effects of music therapy on mental health and emotional well-being.","Music therapy and mental health research.",1
"A group of entrepreneurs is launching a social impact startup that provides clean and affordable energy solutions to rural communities.","Rural renewable energy entrepreneurship.",1
"A botanical research team is studying the medicinal properties of rare plants found in remote rainforests.","Rainforest plant medicine research.",1
"A group of filmmakers is producing a documentary that highlights the efforts of indigenous communities to protect their ancestral lands.","Indigenous land rights documentary.",1
"A renewable energy startup is developing technology to harness energy from ocean waves and convert it into electricity.","Wave energy conversion innovation.",1
"A team of computer scientists is developing AI-driven tools to aid in diagnosing medical conditions from medical images.","Medical image diagnosis AI.",1
"A group of urban designers is creating a vibrant and pedestrian-friendly urban plaza that encourages community interaction.","Community-centered urban design.",1
"A group of writers is collaborating on a multimedia storytelling project that explores the theme of human connection.","Multimedia storytelling experience.",1
"A sustainable agriculture initiative is promoting agroforestry practices to restore degraded lands and promote biodiversity.","Agroforestry for land restoration.",1
"A team of neuroscientists is studying the neural basis of empathy and compassion to understand prosocial behavior.","Neuroscience of empathy research.",1
"A group of social entrepreneurs is launching a fair-trade fashion brand that supports artisans in developing countries.","Fair-trade fashion entrepreneurship.",1
"A clean water initiative is installing water filtration systems in underserved communities to provide access to clean and safe drinking water.","Clean water access project.",1
"A team of archaeologists is excavating an ancient city to uncover its history and shed light on past civilizations.","Ancient city excavation project.",1
"A group of medical researchers is working on developing personalized medicine approaches based on individual genetic profiles.","Genomic personalized medicine research.",1
"A sustainable transportation startup is developing electric bicycles for urban commuting to reduce carbon emissions.","E-bike urban mobility innovation.",1
"A team of environmentalists is advocating for the preservation of critical wetland ecosystems through policy and awareness campaigns.","Wetland conservation advocacy.",1
"A group of educators is designing a STEAM curriculum that integrates arts and sciences to foster creativity and innovation in students.","Arts-integrated STEAM education.",1
"A renewable energy cooperative is installing wind turbines in rural areas to generate clean and sustainable energy.","Community wind energy initiative.",1
"A team of scientists is conducting research on the potential benefits of using fungi for sustainable packaging materials.","Fungi-based packaging research.",1
"A group of artists is creating an interactive public art installation that invites viewers to engage with light and color.","Interactive light art installation.",1
"A renewable energy startup is developing solar-powered water desalination technology to provide clean water in remote areas.","Solar desalination innovation.",1
"A team of engineers is developing a smart city infrastructure that optimizes energy usage and transportation systems.","Smart city technology development.",1
"A group of educators is designing a curriculum that integrates outdoor education to enhance students' connection with nature.","Nature-based education curriculum.",1
"A marine conservation organization is working to establish marine protected areas to safeguard vulnerable ocean ecosystems.","Marine protected area advocacy.",1
"A team of researchers is studying the potential of using algae to capture and store carbon dioxide from the atmosphere.","Algae-based carbon capture research.",1
"A group of farmers is practicing regenerative agriculture techniques to restore soil health and promote sustainable farming.","Regenerative agriculture movement.",1
"A sustainable fashion brand is launching a clothing line that features upcycled textiles and zero-waste design principles.","Zero-waste fashion collection.",1
"A team of neuroscientists is conducting brain imaging studies to better understand the effects of meditation on brain structure.","Meditation and brain plasticity research.",1
"A group of social entrepreneurs is launching a mobile app that connects volunteers with local nonprofit organizations.","Volunteer engagement technology.",1
"A renewable energy startup is developing advanced battery technology for more efficient energy storage solutions.","Battery storage technology innovation.",1
"A team of artists is creating a public mural that celebrates the cultural heritage and diversity of a neighborhood.","Cultural diversity mural project.",1
"A community gardening initiative is transforming abandoned urban lots into vibrant green spaces for local food production.","Urban food gardening project.",1
"A group of researchers is studying the effects of nature sounds on stress reduction and relaxation.","Nature sound therapy research.",1
"A sustainable architecture firm is designing eco-friendly housing complexes that promote communal living and resource sharing.","Communal eco-housing design.",1
"A team of engineers is developing a drone technology for wildlife conservation monitoring and anti-poaching efforts.","Wildlife protection drone technology.",1
"A group of writers is collaborating on a podcast series that explores untold stories of resilience and courage.","Resilience storytelling podcast.",1
"A renewable energy cooperative is installing community-owned solar panels on schools to promote renewable energy education.","School solar power initiative.",1
"A team of researchers is investigating the potential of using biodegradable plastics to reduce plastic pollution in oceans.","Biodegradable plastic research.",1
"A group of environmental activists is organizing a campaign to raise awareness about the importance of pollinator conservation.","Pollinator protection advocacy.",1
"A technology startup is developing a mobile app that helps users track their carbon footprint and make sustainable choices.","Carbon footprint tracking app.",1
"A team of designers is creating a modular furniture system that promotes space-saving and sustainability in small living spaces.","Modular eco-friendly furniture design.",1
"A group of scientists is conducting research on the health benefits of spending time in natural environments.","Nature and well-being research.",1
"A sustainable agriculture initiative is promoting permaculture practices to create self-sustaining and resilient food systems.","Permaculture food production movement.",1
"A team of educators is developing online courses that teach practical sustainability skills for everyday living.","Everyday sustainability education.",1
"A renewable energy startup is developing innovative technology to harness energy from geothermal sources.","Geothermal energy technology innovation.",1
"A group of artists is using recycled materials to create sculptures that raise awareness about waste and consumption.","Recycled sculpture art.",1
"A community wellness initiative is organizing outdoor fitness and mindfulness events to promote holistic well-being.","Outdoor wellness gatherings.",1
"A team of engineers is developing a high-efficiency solar panel technology for more cost-effective solar energy generation.","Next-generation solar panel technology.",1
"A group of writers is collaborating on a graphic novel series that explores social issues and promotes empathy.","Graphic novel social commentary.",1
"A sustainable transportation startup is designing electric buses for urban public transportation to reduce emissions.","Electric bus urban mobility innovation.",1
"A team of marine biologists is studying the behavior of coral reef fish to inform conservation efforts.","Coral reef fish behavior research.",1
"A group of educators is developing a curriculum that integrates environmental education to inspire eco-consciousness in students.","Eco-conscious education curriculum.",1
"A renewable energy cooperative is installing community-owned wind turbines to promote localized clean energy production.","Wind power community initiative.",1
"A team of researchers is studying the potential of using algae to produce biofuels for sustainable energy.","Algae-based biofuel research.",1
"A group of artists is creating a multimedia exhibition that explores the intersection of art, science, and technology.","Art, science, and tech exhibition.",1
"A sustainable architecture firm is designing eco-friendly office spaces that prioritize employee well-being and sustainability.","Green office space design.",1
"A team of psychologists is researching the effects of spending time in natural environments on mental health.","Nature-based mental health research.",1
"A group of social entrepreneurs is launching a platform that connects volunteers with microvolunteering opportunities.","Microvolunteering platform.",1
"A renewable energy startup is developing advanced solar concentrator technology for more efficient solar energy collection.","Solar concentrator innovation.",1
"A team of researchers is investigating the potential of using fungi for bioremediation of polluted environments.","Fungi-based pollution cleanup research.",1
"A group of artists is creating an interactive art installation that raises awareness about endangered species and habitats.","Endangered species art installation.",1
"A community gardening initiative is establishing urban farms to provide fresh produce and promote food security.","Urban farming for food access.",1
"A team of engineers is developing a smart irrigation system that conserves water through soil moisture monitoring.","Efficient irrigation technology.",1
"A group of software developers is creating a mobile app that connects volunteers with local environmental cleanup events.","Environmental cleanup app.",1
"A conservation organization is working to protect critical wildlife corridors to ensure the survival of endangered species.","Wildlife corridor preservation.",1
"A team of materials scientists is researching biodegradable materials for single-use packaging alternatives.","Biodegradable packaging materials research.",1
"A group of artists is creating a series of public murals that celebrate cultural diversity and social unity.","Cultural diversity mural project.",1